{"cameraMode":{"drawMode":0,"name":"Shaded","section":"Shading Mode"},"sceneLighting":false,"audioPlay":false,"sceneViewState":{"m_AlwaysRefresh":false,"showFog":true,"showSkybox":false,"showFlares":true,"showImageEffects":true,"showParticleSystems":true,"showVisualEffectGraphs":true,"m_FxEnabled":false},"in2DMode":false,"pivot":{"x":7.54133939743042,"y":5.048373699188232,"z":1.1567540168762208},"rotation":{"x":0.09375190734863281,"y":0.015799829736351968,"z":-0.001482131308875978,"w":0.9954665899276733},"size":0.8660253882408142,"orthographic":false}