{"cameraMode":{"drawMode":0,"name":"Shaded","section":"Shading Mode"},"sceneLighting":false,"audioPlay":false,"sceneViewState":{"m_AlwaysRefresh":false,"showFog":true,"showSkybox":false,"showFlares":true,"showImageEffects":true,"showParticleSystems":true,"showVisualEffectGraphs":true,"m_FxEnabled":false},"in2DMode":false,"pivot":{"x":7.431970596313477,"y":5.439722537994385,"z":-0.6265584826469421},"rotation":{"x":0.08318706601858139,"y":0.05316004157066345,"z":-0.004437769763171673,"w":0.9951056241989136},"size":0.040192246437072757,"orthographic":false}