{"cameraMode":{"drawMode":0,"name":"Shaded","section":"Shading Mode"},"sceneLighting":false,"audioPlay":false,"sceneViewState":{"m_AlwaysRefresh":false,"showFog":true,"showSkybox":false,"showFlares":true,"showImageEffects":true,"showParticleSystems":true,"showVisualEffectGraphs":true,"m_FxEnabled":false},"in2DMode":false,"pivot":{"x":7.475000858306885,"y":5.458438873291016,"z":-0.26291269063949587},"rotation":{"x":0.12268541753292084,"y":0.0000010098224265675527,"z":0.000007379170710919425,"w":0.9924108386039734},"size":0.25980788469314577,"orthographic":false}