{"cameraMode":{"drawMode":0,"name":"Shaded","section":"Shading Mode"},"sceneLighting":false,"audioPlay":false,"sceneViewState":{"m_AlwaysRefresh":false,"showFog":true,"showSkybox":false,"showFlares":true,"showImageEffects":true,"showParticleSystems":true,"showVisualEffectGraphs":true,"m_FxEnabled":false},"in2DMode":false,"pivot":{"x":7.597398281097412,"y":5.157886981964111,"z":0.40320515632629397},"rotation":{"x":0.0002440248499624431,"y":-0.9984989762306213,"z":0.05397093668580055,"w":0.004789508879184723},"size":0.5598077774047852,"orthographic":false}