{"cameraMode":{"drawMode":0,"name":"Shaded","section":"Shading Mode"},"sceneLighting":true,"audioPlay":false,"sceneViewState":{"m_AlwaysRefresh":false,"showFog":true,"showSkybox":true,"showFlares":true,"showImageEffects":true,"showParticleSystems":true,"showVisualEffectGraphs":true,"m_FxEnabled":false},"in2DMode":false,"pivot":{"x":-7.722243309020996,"y":-2.5048723220825197,"z":13.311765670776368},"rotation":{"x":0.03987757861614227,"y":-0.02641930617392063,"z":0.0010546187404543162,"w":0.9988493323326111},"size":9.880990028381348,"orthographic":false}