{"cameraMode":{"drawMode":0,"name":"Shaded","section":"Shading Mode"},"sceneLighting":true,"audioPlay":false,"sceneViewState":{"m_AlwaysRefresh":false,"showFog":true,"showSkybox":true,"showFlares":true,"showImageEffects":true,"showParticleSystems":true,"showVisualEffectGraphs":true,"m_FxEnabled":false},"in2DMode":false,"pivot":{"x":-3.0351669788360597,"y":-0.23762664198875428,"z":1.5954071283340455},"rotation":{"x":0.1918991655111313,"y":-0.23361608386039735,"z":0.04709533229470253,"w":0.9520455002784729},"size":5.277789115905762,"orthographic":false}