{"cameraMode":{"drawMode":0,"name":"Shaded","section":"Shading Mode"},"sceneLighting":true,"audioPlay":false,"sceneViewState":{"m_AlwaysRefresh":false,"showFog":true,"showSkybox":true,"showFlares":true,"showImageEffects":true,"showParticleSystems":true,"showVisualEffectGraphs":true,"m_FxEnabled":false},"in2DMode":false,"pivot":{"x":-1.875292420387268,"y":0.5748037099838257,"z":9.256468772888184},"rotation":{"x":0.027897989377379419,"y":0.0038685952313244344,"z":-0.00010182279220316559,"w":0.9996035099029541},"size":9.30351734161377,"orthographic":false}