{"cameraMode":{"drawMode":0,"name":"Shaded","section":"Shading Mode"},"sceneLighting":true,"audioPlay":false,"sceneViewState":{"m_AlwaysRefresh":false,"showFog":true,"showSkybox":true,"showFlares":true,"showImageEffects":true,"showParticleSystems":true,"showVisualEffectGraphs":true,"m_FxEnabled":false},"in2DMode":false,"pivot":{"x":-7.937080383300781,"y":-4.456789970397949,"z":25.445695877075197},"rotation":{"x":0.08888910710811615,"y":-0.09343070536851883,"z":0.008363144472241402,"w":0.9916037321090698},"size":26.710575103759767,"orthographic":false}